,accel_x,accel_y,accel_z,gyro_x_ser,gyro_y_ser,gyro_z_ser
0,9.44752025604248,0.06224924325942993,1.8579005002975464,-0.017044750973582268,0.006391781382262707,-0.021305939182639122
1,9.53849983215332,-0.033518824726343155,1.987187385559082,-0.024501830339431763,-0.03302420675754547,0.00745707843452692
2,9.730035781860352,-0.043095629662275314,1.9728221893310547,-0.010652969591319561,-0.049003660678863525,0.039415985345840454
3,9.773131370544434,-0.09576806426048279,1.9823989868164062,0.008522375486791134,-0.051134251058101654,0.019175345078110695
4,9.696516990661621,-0.07182604819536209,1.886630892753601,0.06498311460018158,0.02982831373810768,-0.05326484516263008
5,9.581595420837402,-0.05267243832349777,1.824381709098816,0.06924430280923843,0.051134251058101654,-0.06604841351509094
6,9.481039047241211,0.10055647045373917,1.8531121015548706,0.0351547971367836,0.02024064213037491,-0.034089501947164536
7,9.591172218322754,0.12449848651885986,1.944091796875,0.024501830339431763,-0.049003660678863525,-0.00745707843452692
8,9.806650161743164,0.043095629662275314,1.886630892753601,0.024501830339431763,-0.03835069015622139,-0.0031958906911313534
9,9.710882186889648,0.028730420395731926,1.8722656965255737,0.030893610790371895,-0.02343653328716755,-0.025567125529050827
10,9.509769439697266,0.08619125932455063,1.8052281141281128,0.04367717355489731,-0.010652969591319561,-0.011718266643583775
11,9.59596061706543,0.033518824726343155,1.7812861204147339,0.03622009605169296,-0.0021305938716977835,0.02982831373810768
12,9.744400978088379,-0.07182604819536209,1.824381709098816,0.05006895586848259,-0.004261187743395567,0.02663242258131504
13,9.658209800720215,-0.06224924325942993,1.5897499322891235,0.06285251677036285,-0.009587672539055347,0.006391781382262707
14,9.610325813293457,-0.1149216815829277,1.6136919260025024,0.04048128426074982,-0.012783562764525414,0.008522375486791134
15,9.715670585632324,-0.12928688526153564,1.6041151285171509,0.0031958906911313534,-0.010652969591319561,0.004261187743395567
16,9.62947940826416,-0.12449848651885986,1.7908629179000854,0.017044750973582268,-0.019175345078110695,-0.006391781382262707
17,9.610325813293457,-0.09576806426048279,1.7142484188079834,0.02024064213037491,-0.025567125529050827,0.004261187743395567
18,9.62947940826416,-0.08619125932455063,1.6759412288665771,0.017044750973582268,-0.02024064213037491,0.009587672539055347
19,9.682151794433594,-0.1149216815829277,1.7094600200653076,0.017044750973582268,0.017044750973582268,0.0010652969358488917
20,9.639056205749512,-0.10055647045373917,1.656787633895874,0.021305939182639122,0.004261187743395567,-0.009587672539055347
21,9.576807022094727,-0.028730420395731926,1.5705963373184204,-0.010652969591319561,-0.019175345078110695,0.013848859816789627
22,9.591172218322754,0.033518824726343155,1.5418659448623657,-0.04367717355489731,-0.022371236234903336,0.02024064213037491
23,9.696516990661621,0.014365210197865963,1.7812861204147339,-0.05646073818206787,-0.0021305938716977835,0.0021305938716977835
24,9.744400978088379,-0.004788403399288654,1.8962076902389526,-0.02663242258131504,0.024501830339431763,-0.028763016685843468
25,9.418789863586426,0.028730420395731926,1.9249382019042969,0.039415985345840454,0.034089501947164536,-0.027697719633579254
26,9.241618156433105,0.2106897532939911,1.6089035272598267,0.03195890784263611,0.006391781382262707,0.034089501947164536
27,9.57201862335205,0.13407529890537262,1.4939818382263184,-0.06498311460018158,-0.025567125529050827,0.08948494493961334
28,9.797073364257812,-0.05746084079146385,1.900996208190918,-0.05965662747621536,-0.0010652969358488917,0.03835069015622139
29,9.624691009521484,-0.06703764945268631,1.766920804977417,-0.019175345078110695,0.024501830339431763,0.01491415686905384
30,9.567230224609375,0.019153613597154617,1.7381904125213623,-0.025567125529050827,0.057526033371686935,0.01491415686905384
31,9.75397777557373,0.0,1.8962076902389526,-0.02982831373810768,0.07137489318847656,-0.004261187743395567
32,9.600749015808105,-0.07661445438861847,2.1739351749420166,-0.0010652969358488917,0.07457078248262405,-0.03302420675754547
33,9.327810287475586,0.07182604819536209,1.9536685943603516,0.04154657945036888,0.03195890784263611,0.02343653328716755
34,9.591172218322754,0.11013327538967133,1.8100165128707886,0.022371236234903336,-0.0021305938716977835,0.06711370497941971
35,9.696516990661621,0.014365210197865963,1.7717092037200928,0.00745707843452692,-0.01811004802584648,0.07670138031244278
36,9.888052940368652,-0.06224924325942993,1.8387469053268433,-0.017044750973582268,0.012783562764525414,0.045807767659425735
37,9.744400978088379,-0.12928688526153564,1.9776105880737305,0.011718266643583775,0.030893610790371895,0.021305939182639122
38,9.600749015808105,-0.05267243832349777,1.9153614044189453,0.049003660678863525,0.028763016685843468,0.025567125529050827
39,9.476250648498535,-0.009576806798577309,1.8100165128707886,0.05219954997301102,0.0021305938716977835,0.051134251058101654
40,9.682151794433594,-0.06703764945268631,1.7812861204147339,0.03195890784263611,-0.034089501947164536,0.07883197069168091
41,9.801861763000488,-0.2106897532939911,1.8100165128707886,0.027697719633579254,-0.02982831373810768,0.07137489318847656
42,9.725247383117676,-0.22026655077934265,1.8339585065841675,0.039415985345840454,0.008522375486791134,0.02982831373810768
43,9.758766174316406,-0.181959331035614,1.7812861204147339,0.05326484516263008,0.022371236234903336,0.01491415686905384
44,9.68694019317627,-0.17238251864910126,1.742978811264038,0.06711370497941971,0.024501830339431763,-0.006391781382262707
45,9.59596061706543,-0.22026655077934265,1.6855180263519287,0.057526033371686935,0.01491415686905384,-0.0031958906911313534
46,9.509769439697266,-0.090979665517807,1.460463047027588,0.004261187743395567,-0.008522375486791134,0.042611878365278244
47,9.624691009521484,-0.1149216815829277,1.6519991159439087,-0.024501830339431763,-0.009587672539055347,0.057526033371686935
48,9.768342971801758,-0.14365209639072418,1.8483237028121948,-0.02663242258131504,-0.015979453921318054,0.039415985345840454
49,9.696516990661621,-0.26336219906806946,1.8483237028121948,0.008522375486791134,-0.010652969591319561,0.004261187743395567
50,9.519346237182617,-0.12928688526153564,1.8195933103561401,0.042611878365278244,0.027697719633579254,-0.010652969591319561
51,9.481039047241211,-0.028730420395731926,1.824381709098816,0.054330144077539444,0.0585913322865963,-0.0053264847956597805
52,9.490615844726562,-0.004788403399288654,1.9584569931030273,0.05326484516263008,0.03835069015622139,0.024501830339431763
53,9.485827445983887,0.023942016065120697,1.8531121015548706,0.05006895586848259,0.010652969591319561,0.0468730665743351
54,9.576807022094727,-0.10055647045373917,1.886630892753601,0.03622009605169296,0.012783562764525414,0.0703095942735672
55,9.725247383117676,-0.09576806426048279,1.8531121015548706,0.021305939182639122,-0.00745707843452692,0.06924430280923843
56,9.744400978088379,-0.20111294090747833,1.7477672100067139,0.022371236234903336,0.010652969591319561,0.030893610790371895
57,9.682151794433594,-0.14365209639072418,1.766920804977417,0.02024064213037491,0.022371236234903336,0.015979453921318054
58,9.619902610778809,-0.15322890877723694,1.7764976024627686,0.004261187743395567,0.022371236234903336,0.02024064213037491
59,9.739612579345703,-0.19632454216480255,1.843535304069519,-0.01811004802584648,0.00745707843452692,0.034089501947164536
60,9.849745750427246,-0.2585737705230713,2.0590133666992188,-0.013848859816789627,-0.004261187743395567,0.019175345078110695
61,9.730035781860352,-0.2537853717803955,1.9776105880737305,0.024501830339431763,0.011718266643583775,-0.010652969591319561
62,9.653421401977539,-0.11971008777618408,1.8722656965255737,0.0468730665743351,0.028763016685843468,-0.008522375486791134
63,9.653421401977539,-0.15801730751991272,1.699883222579956,0.017044750973582268,0.01811004802584648,0.00745707843452692
64,9.619902610778809,-0.181959331035614,1.8100165128707886,-0.01811004802584648,-0.02024064213037491,0.02663242258131504
65,9.840168952941895,-0.22026655077934265,1.9536685943603516,-0.028763016685843468,-0.025567125529050827,0.024501830339431763
66,9.864110946655273,-0.2777273952960968,1.9919757843017578,-0.008522375486791134,-0.004261187743395567,-0.012783562764525414
67,9.66299819946289,-0.14844051003456116,1.9345149993896484,0.03302420675754547,0.03302420675754547,-0.05539543926715851
68,9.327810287475586,-0.014365210197865963,1.824381709098816,0.03622009605169296,0.030893610790371895,-0.042611878365278244
69,9.375694274902344,-0.06703764945268631,1.8339585065841675,0.012783562764525414,-0.009587672539055347,0.021305939182639122
70,9.437943458557129,-0.09576806426048279,1.8148049116134644,0.0053264847956597805,-0.05326484516263008,0.06285251677036285
71,9.730035781860352,-0.12449848651885986,1.8387469053268433,0.013848859816789627,-0.015979453921318054,0.042611878365278244
72,9.715670585632324,-0.17238251864910126,1.7573440074920654,0.04154657945036888,0.022371236234903336,-0.017044750973582268
73,9.543288230895996,-0.11013327538967133,1.8291701078414917,0.051134251058101654,0.07776667922735214,-0.030893610790371895
74,9.461885452270508,-0.047884032130241394,1.7812861204147339,0.051134251058101654,0.04154657945036888,-0.009587672539055347
75,9.461885452270508,-0.13407529890537262,1.8052281141281128,0.0351547971367836,0.01491415686905384,0.03622009605169296
76,9.437943458557129,-0.06703764945268631,1.6903064250946045,0.0031958906911313534,-0.019175345078110695,0.06391781568527222
77,9.734824180603027,-0.15801730751991272,1.8052281141281128,-0.021305939182639122,0.009587672539055347,0.06924430280923843
78,9.897629737854004,-0.31124621629714966,1.9919757843017578,-0.004261187743395567,0.022371236234903336,0.030893610790371895
79,9.66299819946289,-0.3495534360408783,2.0829553604125977,0.0351547971367836,0.051134251058101654,-0.012783562764525414
80,9.610325813293457,-0.29209262132644653,2.0015525817871094,0.045807767659425735,0.02343653328716755,-0.006391781382262707
81,9.600749015808105,-0.29209262132644653,1.7764976024627686,0.024501830339431763,0.00745707843452692,0.02343653328716755
82,9.706093788146973,-0.37828385829925537,1.8914192914962769,0.011718266643583775,0.010652969591319561,0.02663242258131504
83,9.59596061706543,-0.33039984107017517,1.7908629179000854,0.028763016685843468,0.012783562764525414,0.028763016685843468
84,9.739612579345703,-0.3064578175544739,1.6759412288665771,0.010652969591319561,0.021305939182639122,0.03622009605169296
85,9.81143856048584,-0.26336219906806946,1.699883222579956,-0.013848859816789627,0.021305939182639122,0.024501830339431763
86,9.682151794433594,-0.33518823981285095,2.011129379272461,-0.010652969591319561,0.04048128426074982,-0.021305939182639122
87,9.490615844726562,-0.13407529890537262,1.9488801956176758,0.030893610790371895,0.01811004802584648,-0.0053264847956597805
88,9.605537414550781,-0.22505496442317963,1.723825216293335,0.010652969591319561,0.01811004802584648,0.017044750973582268
89,9.706093788146973,-0.19632454216480255,1.9488801956176758,-0.0031958906911313534,0.027697719633579254,0.01491415686905384
90,9.567230224609375,-0.10055647045373917,1.886630892753601,-0.0031958906911313534,0.021305939182639122,0.004261187743395567
91,9.634267807006836,-0.06703764945268631,1.9249382019042969,-0.012783562764525414,0.012783562764525414,0.010652969591319561
92,9.643844604492188,-0.2298433631658554,1.9919757843017578,-0.010652969591319561,0.008522375486791134,0.011718266643583775
93,9.567230224609375,-0.26815059781074524,1.8626888990402222,0.0,0.0,0.015979453921318054
94,9.610325813293457,-0.2298433631658554,1.8531121015548706,-0.00745707843452692,-0.008522375486791134,0.028763016685843468
95,9.787496566772461,-0.26815059781074524,2.0446481704711914,-0.03195890784263611,-0.009587672539055347,0.05219954997301102
96,9.773131370544434,-0.31603461503982544,2.1739351749420166,-0.0031958906911313534,0.006391781382262707,0.025567125529050827
97,9.801861763000488,-0.31603461503982544,2.10210919380188,0.054330144077539444,0.03835069015622139,-0.013848859816789627
98,9.38048267364502,-0.20111294090747833,2.3319525718688965,0.1171826645731926,0.07457078248262405,-0.0053264847956597805
99,9.366117477416992,-0.10055647045373917,1.824381709098816,0.13955390453338623,0.02982831373810768,0.028763016685843468
100,9.375694274902344,-0.1388636976480484,1.656787633895874,0.10120321065187454,0.011718266643583775,0.06178722158074379
101,9.552865028381348,-0.15801730751991272,1.6089035272598267,0.034089501947164536,0.0021305938716977835,0.082027867436409
102,9.653421401977539,-0.22505496442317963,1.7956513166427612,-0.024501830339431763,-0.0021305938716977835,0.08628904819488525
103,9.749189376831055,-0.272938996553421,1.920149803161621,-0.015979453921318054,0.024501830339431763,0.05006895586848259
104,9.758766174316406,-0.2968810200691223,1.9393033981323242,0.006391781382262707,0.05646073818206787,0.017044750973582268
105,9.591172218322754,-0.31603461503982544,1.9536685943603516,0.02343653328716755,0.042611878365278244,-0.004261187743395567
106,9.428366661071777,-0.21547815203666687,1.886630892753601,0.019175345078110695,0.01491415686905384,0.011718266643583775
107,9.47146224975586,-0.14844051003456116,1.8291701078414917,-0.006391781382262707,0.0031958906911313534,0.04474247246980667
108,9.768342971801758,-0.272938996553421,2.049436569213867,-0.00745707843452692,0.02982831373810768,0.039415985345840454
109,9.84495735168457,-0.3687070608139038,2.3127987384796143,0.049003660678863525,0.06285251677036285,0.0010652969358488917
110,9.744400978088379,-0.26815059781074524,2.2170307636260986,0.08948494493961334,0.057526033371686935,-0.012783562764525414
111,9.77791976928711,-0.272938996553421,1.9967641830444336,0.10013791173696518,0.04154657945036888,-0.010652969591319561
112,9.806650161743164,-0.2825157940387726,2.0207061767578125,0.09161553531885147,0.042611878365278244,-0.030893610790371895
113,9.715670585632324,-0.3208230137825012,1.9584569931030273,0.06924430280923843,0.0031958906911313534,-0.034089501947164536
114,9.643844604492188,-0.2777273952960968,1.8579005002975464,0.03728539124131203,-0.0053264847956597805,-0.030893610790371895
115,9.509769439697266,-0.20111294090747833,1.9632453918457031,0.022371236234903336,0.0010652969358488917,-0.01811004802584648
116,9.404424667358398,-0.21547815203666687,2.140416383743286,0.0351547971367836,-0.021305939182639122,0.03622009605169296
117,9.591172218322754,-0.24899697303771973,1.8818424940109253,0.034089501947164536,-0.04793836176395416,0.05219954997301102
118,9.859322547912598,-0.33518823981285095,1.8626888990402222,0.03195890784263611,-0.017044750973582268,-0.02024064213037491
119,9.485827445983887,-0.2825157940387726,2.164358377456665,0.049003660678863525,0.013848859816789627,-0.06817900389432907
120,8.968679428100586,0.019153613597154617,1.8531121015548706,0.03728539124131203,-0.0585913322865963,0.022371236234903336
121,9.217676162719727,-0.272938996553421,1.4700398445129395,-0.028763016685843468,-0.10866028815507889,0.13848860561847687
122,9.921571731567383,-0.35434186458587646,1.6519991159439087,-0.08522375673055649,-0.054330144077539444,0.11824796348810196
123,10.046070098876953,-0.3974374830722809,1.7477672100067139,-0.07244019210338593,0.021305939182639122,0.022371236234903336
124,9.801861763000488,-0.3687070608139038,1.8531121015548706,-0.02024064213037491,0.06924430280923843,-0.08628904819488525
125,9.41400146484375,-0.22026655077934265,1.7621324062347412,-0.01491415686905384,0.08309315890073776,-0.0703095942735672
126,9.461885452270508,-0.2777273952960968,1.7046716213226318,-0.022371236234903336,0.06178722158074379,-0.02343653328716755
127,9.643844604492188,-0.3495534360408783,1.6950948238372803,-0.0468730665743351,0.042611878365278244,0.004261187743395567
128,9.672574996948242,-0.40701428055763245,1.7573440074920654,-0.07350549101829529,0.045807767659425735,0.006391781382262707
129,9.782708168029785,-0.3687070608139038,1.7334020137786865,-0.09694202244281769,0.06817900389432907,-0.015979453921318054
130,9.892841339111328,-0.4596867263317108,2.0254945755004883,-0.1054643988609314,0.07563608139753342,-0.05326484516263008
131,9.677363395690918,-0.47405192255973816,1.968033790588379,-0.09481142461299896,0.05326484516263008,-0.10120321065187454
132,9.543288230895996,-0.4213795065879822,1.9584569931030273,-0.11292147636413574,0.0351547971367836,-0.10439909994602203
133,9.495404243469238,-0.3256114423274994,2.1356279850006104,-0.11079087853431702,0.03622009605169296,-0.07883197069168091
134,9.53849983215332,-0.31124621629714966,2.3127987384796143,-0.09587672352790833,0.054330144077539444,-0.05646073818206787
135,9.533711433410645,-0.33997663855552673,2.250549554824829,-0.07457078248262405,0.054330144077539444,-0.04367717355489731
136,9.691728591918945,-0.26815059781074524,2.0685901641845703,-0.07670138031244278,0.01811004802584648,-0.02982831373810768
137,9.66299819946289,-0.26336219906806946,2.121262788772583,-0.082027867436409,0.03302420675754547,-0.06178722158074379
138,9.533711433410645,-0.29209262132644653,2.0638017654418945,-0.07137489318847656,0.054330144077539444,-0.07670138031244278
139,9.232041358947754,-0.11013327538967133,1.9488801956176758,-0.09268083423376083,0.05219954997301102,-0.025567125529050827
140,9.428366661071777,-0.08619125932455063,1.9488801956176758,-0.13316211104393005,-0.0053264847956597805,0.04154657945036888
141,9.75397777557373,-0.06703764945268631,2.0159177780151367,-0.16831691563129425,-0.04048128426074982,0.05326484516263008
142,9.797073364257812,-0.15322890877723694,2.2601263523101807,-0.15020686388015747,-0.009587672539055347,0.011718266643583775
143,9.66299819946289,-0.2298433631658554,2.470816135406494,-0.05646073818206787,0.03195890784263611,-0.04154657945036888
144,9.75397777557373,-0.14365209639072418,2.3367409706115723,0.0031958906911313534,0.051134251058101654,-0.05965662747621536
145,9.643844604492188,-0.038307227194309235,2.188300371170044,0.022371236234903336,0.04154657945036888,-0.05646073818206787
146,9.44752025604248,-0.090979665517807,2.183511972427368,0.05646073818206787,0.07350549101829529,-0.03728539124131203
147,9.313444137573242,-0.10534487664699554,1.9488801956176758,0.0468730665743351,0.011718266643583775,0.022371236234903336
148,9.423578262329102,-0.10055647045373917,1.8195933103561401,-0.010652969591319561,-0.03302420675754547,0.07137489318847656
149,9.859322547912598,-0.22026655077934265,2.030282974243164,-0.05965662747621536,-0.0585913322865963,0.06817900389432907
150,9.931148529052734,-0.3495534360408783,2.2170307636260986,-0.027697719633579254,-0.013848859816789627,-0.008522375486791134
151,9.758766174316406,-0.2059013396501541,2.2840683460235596,0.0010652969358488917,0.04367717355489731,-0.06924430280923843
152,9.337387084960938,-0.09576806426048279,2.3367409706115723,0.030893610790371895,0.07670138031244278,-0.08948494493961334
153,9.284713745117188,-0.019153613597154617,2.346317768096924,0.04474247246980667,0.05219954997301102,-0.04474247246980667
154,9.241618156433105,-0.028730420395731926,2.2026655673980713,0.042611878365278244,-0.0351547971367836,0.039415985345840454
155,9.490615844726562,-0.038307227194309235,2.006340980529785,0.022371236234903336,-0.05326484516263008,0.08948494493961334
156,9.854534149169922,-0.15322890877723694,2.1068975925445557,0.009587672539055347,-0.025567125529050827,0.08309315890073776
157,9.99339771270752,-0.06224924325942993,2.011129379272461,0.030893610790371895,-0.0021305938716977835,0.024501830339431763
158,10.079588890075684,0.004788403399288654,1.9536685943603516,0.02663242258131504,0.0021305938716977835,-0.012783562764525414
159,9.77791976928711,0.043095629662275314,2.049436569213867,-0.009587672539055347,-0.006391781382262707,-0.028763016685843468
160,9.643844604492188,0.05746084079146385,2.3942017555236816,-0.030893610790371895,-0.09161553531885147,0.00745707843452692
161,10.180145263671875,-0.181959331035614,3.3662476539611816,0.01491415686905384,-0.08096256852149963,0.02024064213037491
162,10.204087257385254,0.1867477297782898,2.983175277709961,0.33556854724884033,-0.04048128426074982,-0.07883197069168091
163,9.246406555175781,-0.05746084079146385,-0.44532153010368347,0.3568744659423828,-0.017044750973582268,-0.10333380103111267
164,9.47146224975586,-0.507570743560791,0.9145850539207458,-0.051134251058101654,-0.0053264847956597805,-0.011718266643583775
165,9.806650161743164,-0.5027823448181152,1.3742717504501343,-0.09907261282205582,0.012783562764525414,0.0053264847956597805
166,10.002974510192871,-0.49799394607543945,1.968033790588379,-0.11505206674337387,-0.08628904819488525,-0.07244019210338593
167,9.792284965515137,-0.3016694188117981,2.078166961669922,-0.06391781568527222,-0.09587672352790833,-0.1608598381280899
168,9.624691009521484,-0.2825157940387726,1.7190368175506592,-0.03195890784263611,-0.06498311460018158,-0.2695201337337494
169,9.610325813293457,-0.014365210197865963,2.1356279850006104,-0.0468730665743351,0.03622009605169296,-0.32598087191581726
170,9.667786598205566,0.028730420395731926,2.049436569213867,-0.012783562764525414,0.027697719633579254,-0.34941738843917847
171,9.533711433410645,0.004788403399288654,2.1068975925445557,0.04048128426074982,0.13955390453338623,-0.3419603109359741
172,9.888052940368652,0.22026655077934265,2.212242364883423,0.1257050335407257,0.21305938065052032,-0.3366338312625885
173,10.429142951965332,0.37828385829925537,2.0207061767578125,0.15766394138336182,0.23649592697620392,-0.350482702255249
174,10.141838073730469,0.3687070608139038,2.2649147510528564,0.16299043595790863,0.1491415649652481,-0.42931467294692993
175,9.787496566772461,0.14844051003456116,2.097320795059204,0.11824796348810196,0.039415985345840454,-0.49855896830558777
176,9.797073364257812,0.15322890877723694,2.3080103397369385,0.04367717355489731,0.0021305938716977835,-0.5060160160064697
177,9.816226959228516,0.19153612852096558,2.628833532333374,-0.04048128426074982,-0.08735434710979462,-0.6178722381591797
178,9.840168952941895,0.3447650372982025,2.63362193107605,-0.013848859816789627,-0.04793836176395416,-0.7680791020393372
179,9.457097053527832,0.6129156351089478,2.2361843585968018,0.10972558706998825,0.03302420675754547,-0.9225471615791321
180,8.7484130859375,1.2018892765045166,1.6328455209732056,0.2812383770942688,0.2141246795654297,-1.161173701286316
181,8.638279914855957,1.6089035272598267,1.8531121015548706,0.3685927391052246,0.4239881932735443,-1.338012933731079
182,8.815450668334961,1.5275006294250488,1.7717092037200928,0.37924569845199585,0.4303799569606781,-1.3593188524246216
183,9.346963882446289,1.3934253454208374,2.1787235736846924,0.3185237944126129,0.2780424952507019,-1.1878061294555664
184,9.47146224975586,1.623268723487854,2.47560453414917,0.26525893807411194,0.15446805953979492,-1.0482522249221802
185,9.232041358947754,1.9249382019042969,2.585737943649292,0.2343653291463852,0.12783563137054443,-0.9545060396194458
186,9.035717010498047,1.968033790588379,2.3558945655822754,0.1906881481409073,0.09800732135772705,-0.8618252277374268
187,8.987833023071289,2.2409727573394775,2.647987127304077,0.1523374617099762,-0.004261187743395567,-0.7275978326797485
188,8.89685344696045,2.3271639347076416,2.4468741416931152,0.16618631780147552,-0.08841964602470398,-0.6413087844848633
189,9.222464561462402,2.3558945655822754,2.5522189140319824,0.23649592697620392,0.04474247246980667,-0.6487658619880676
190,9.08838939666748,2.580949544906616,2.1499931812286377,0.26525893807411194,0.05219954997301102,-0.6583535075187683
191,9.050082206726074,2.7533318996429443,2.3032219409942627,0.2865648865699768,0.09694202244281769,-0.6487658619880676
192,9.342175483703613,2.9017724990844727,2.734178304672241,0.287630170583725,0.1139867752790451,-0.650896430015564
193,8.96389102935791,2.7533318996429443,2.4133553504943848,0.32598087191581726,-0.01491415686905384,-0.6370475888252258
194,8.853757858276367,2.7437551021575928,2.0015525817871094,0.30893611907958984,-0.02343653328716755,-0.6072192788124084
195,8.834604263305664,3.2082302570343018,1.7908629179000854,0.23010413348674774,0.006391781382262707,-0.5923051238059998
196,8.944737434387207,3.6152446269989014,2.030282974243164,0.15446805953979492,-0.024501830339431763,-0.5635420680046082
197,9.14585018157959,3.6152446269989014,2.1739351749420166,0.1139867752790451,-0.027697719633579254,-0.5763256549835205
198,9.093177795410156,3.821146011352539,2.456450939178467,0.10759498924016953,0.06711370497941971,-0.6061539649963379
199,8.710105895996094,3.552995204925537,2.097320795059204,0.10866028815507889,-0.04793836176395416,-0.6274598836898804
200,8.604761123657227,3.265691041946411,1.843535304069519,0.10972558706998825,0.0585913322865963,-0.6391781568527222
201,8.710105895996094,3.581725835800171,1.987187385559082,0.10759498924016953,0.14701098203659058,-0.6519617438316345
202,8.652645111083984,4.041412353515625,2.2888567447662354,0.09907261282205582,0.042611878365278244,-0.6839206218719482
203,8.848969459533691,3.8977603912353516,2.3798365592956543,0.0937461331486702,-0.07563608139753342,-0.700965404510498
204,8.729259490966797,4.132391929626465,2.360682964324951,0.0937461331486702,-0.082027867436409,-0.6977695226669312
205,8.633491516113281,4.4532151222229,2.3032219409942627,0.07563608139753342,-0.051134251058101654,-0.7148142457008362
206,8.772355079650879,4.2090067863464355,2.207453966140747,0.06604841351509094,-0.049003660678863525,-0.6977695226669312
207,8.485051155090332,4.467580318450928,2.0638017654418945,0.042611878365278244,-0.09055023640394211,-0.6594188213348389
208,8.245630264282227,4.821922302246094,1.9536685943603516,0.019175345078110695,-0.04793836176395416,-0.6327863931655884
209,8.327033042907715,4.572925090789795,2.078166961669922,-0.013848859816789627,0.009587672539055347,-0.5720644593238831
210,8.494627952575684,4.649539470672607,2.4803929328918457,0.0053264847956597805,-0.07137489318847656,-0.5028201341629028
211,8.355764389038086,5.04218864440918,2.2026655673980713,0.039415985345840454,-0.13316211104393005,-0.4719265401363373
212,8.379706382751465,5.023035049438477,2.255337953567505,0.09268083423376083,-0.164055734872818,-0.4655347466468811
213,8.398859977722168,5.152322292327881,2.3511061668395996,0.09481142461299896,0.060721926391124725,-0.501754879951477
214,8.394071578979492,5.324704647064209,2.365471363067627,0.12357444316148758,0.0937461331486702,-0.48471009731292725
215,8.322244644165039,5.152322292327881,2.3989901542663574,0.11505206674337387,-0.12037855386734009,-0.49642837047576904
216,8.17380428314209,5.2049946784973145,2.5474305152893066,0.07776667922735214,-0.31532788276672363,-0.5081466436386108
217,8.14028549194336,5.4875102043151855,2.188300371170044,0.03195890784263611,-0.35580918192863464,-0.5177342891693115
218,8.044517517089844,5.5545477867126465,1.8770540952682495,-0.017044750973582268,-0.2716507315635681,-0.5315831899642944
219,8.044517517089844,5.583278179168701,2.1116859912872314,-0.04474247246980667,-0.2833689749240875,-0.5699338316917419
220,8.030152320861816,5.568912982940674,1.723825216293335,-0.06498311460018158,-0.31532788276672363,-0.6040233373641968
221,7.714118003845215,5.367800235748291,1.8100165128707886,-0.0468730665743351,-0.30254432559013367,-0.620002806186676
222,8.097189903259277,5.655104637145996,1.9057846069335938,-0.0010652969358488917,-0.20666760206222534,-0.6445046663284302
223,7.671022415161133,6.344634532928467,1.580173134803772,0.06391781568527222,-0.1289009302854538,-0.7244018912315369
224,7.474697589874268,6.962338447570801,1.9584569931030273,-0.012783562764525414,0.06178722158074379,-0.8575640320777893
225,7.924807548522949,6.478709697723389,1.9776105880737305,-0.0351547971367836,-0.6274598836898804,-0.7137489318847656
226,7.316680431365967,6.291962146759033,1.7573440074920654,-0.034089501947164536,-0.597631573677063,-0.7457078695297241
227,7.1921820640563965,7.201758861541748,1.5610195398330688,-0.024501830339431763,0.042611878365278244,-0.9214818477630615
228,7.6566572189331055,6.6127848625183105,1.7573440074920654,0.08096256852149963,-0.02663242258131504,-0.8618252277374268
229,6.861782073974609,6.5696892738342285,1.4700398445129395,0.05539543926715851,-0.0031958906911313534,-0.8522375226020813
230,7.062894821166992,6.4164605140686035,1.4317326545715332,-0.03195890784263611,0.027697719633579254,-0.7840585708618164
231,6.904877662658691,6.426037311553955,1.316810965538025,-0.06711370497941971,-0.18855755031108856,-0.7137489318847656
232,6.9910688400268555,7.0772600173950195,1.7525556087493896,-0.07563608139753342,-0.16831691563129425,-0.678594172000885
233,6.785167694091797,7.000645637512207,1.5083470344543457,-0.09055023640394211,-0.28549957275390625,-0.6690064668655396
234,6.809109687805176,6.828263282775879,1.316810965538025,-0.12037855386734009,-0.23862650990486145,-0.6658105850219727
235,6.426037311553955,6.6127848625183105,1.6328455209732056,-0.13635800778865814,-0.22371235489845276,-0.6817900538444519
236,6.426037311553955,6.6127848625183105,1.6328455209732056,-0.06817900389432907,-0.24395300447940826,-0.7286630868911743
237,6.387730121612549,6.833051681518555,1.50355863571167,-0.00745707843452692,-0.07350549101829529,-0.8106909394264221
238,6.435614109039307,7.364564418792725,1.2401964664459229,0.01811004802584648,0.02982831373810768,-0.8309316039085388
239,6.311115741729736,7.46033239364624,1.3455413579940796,0.010652969591319561,0.13209682703018188,-0.8618252277374268
240,6.229712963104248,7.402871608734131,1.6136919260025024,0.01491415686905384,0.12357444316148758,-0.8383886814117432
241,6.224924564361572,7.469909191131592,1.8339585065841675,0.06391781568527222,0.02663242258131504,-0.8383886814117432
242,6.038176536560059,7.445967197418213,1.8818424940109253,0.10013791173696518,0.02663242258131504,-0.8596946001052856
243,5.683835029602051,7.848193168640137,1.5083470344543457,0.09800732135772705,0.2982831299304962,-0.9832690954208374
244,5.904101371765137,8.010998725891113,1.6950948238372803,0.11292147636413574,0.2993484437465668,-0.9640937447547913
245,5.9519853591918945,8.058882713317871,1.6903064250946045,0.10013791173696518,0.23649592697620392,-0.9523754715919495
246,5.602431774139404,8.365341186523438,1.867477297782898,0.11611736565828323,-0.028763016685843468,-0.9672896265983582
247,5.094861030578613,8.398859977722168,1.0869675874710083,0.07137489318847656,-0.17151281237602234,-0.9438530802726746
248,4.817133903503418,8.164227485656738,1.278503656387329,-0.1054643988609314,-0.12677033245563507,-0.9097635746002197
249,4.994304656982422,8.49941635131836,1.4700398445129395,-0.19707992672920227,-0.3771151006221771,-0.8149521350860596
250,5.0900726318359375,8.485051155090332,1.7477672100067139,-0.15127216279506683,-0.4591429829597473,-0.8277357220649719
251,4.975151062011719,8.379706382751465,1.7094600200653076,-0.05219954997301102,-0.3771151006221771,-0.8788699507713318
252,4.558559894561768,8.518569946289062,1.5131354331970215,0.0010652969358488917,-0.19175344705581665,-0.9640937447547913
253,4.060565948486328,8.729259490966797,1.4173674583435059,0.0021305938716977835,-0.02663242258131504,-0.996052622795105
254,4.271255970001221,8.753201484680176,1.5753847360610962,-0.07563608139753342,-0.06498311460018158,-0.9097635746002197
255,4.256890773773193,8.729259490966797,1.647210717201233,-0.08841964602470398,-0.26525893807411194,-0.8458457589149475
256,4.242525577545166,8.949525833129883,1.699883222579956,-0.05539543926715851,-0.2514100670814514,-0.8160174489021301
257,3.9217023849487305,8.944737434387207,1.460463047027588,-0.009587672539055347,-0.08415845781564713,-0.8074950575828552
258,3.5865142345428467,9.016563415527344,1.2976573705673218,0.004261187743395567,0.18003518879413605,-0.7819279432296753
259,3.778050184249878,8.973467826843262,1.50355863571167,0.03728539124131203,0.22158175706863403,-0.7233366370201111
260,3.6104562282562256,9.232041358947754,1.460463047027588,0.05965662747621536,0.12783563137054443,-0.6977695226669312
261,3.2800562381744385,9.370905876159668,1.9776105880737305,0.07776667922735214,0.25673654675483704,-0.7467731237411499
262,3.4572272300720215,9.093177795410156,1.8579005002975464,0.12357444316148758,0.25673654675483704,-0.7478384375572205
263,3.3854012489318848,9.222464561462402,1.6759412288665771,0.192818745970726,0.21838587522506714,-0.6892471313476562
264,2.7964274883270264,9.533711433410645,1.6855180263519287,0.2077329009771347,0.274846613407135,-0.6700717806816101
265,2.7964274883270264,9.433155059814453,1.1061211824417114,0.17364339530467987,0.0937461331486702,-0.5582156181335449
266,2.82515811920166,9.44752025604248,1.2018892765045166,0.09587672352790833,0.0031958906911313534,-0.46340417861938477
267,2.7916390895843506,9.457097053527832,1.4173674583435059,0.025567125529050827,-0.08309315890073776,-0.39096397161483765
268,2.585737943649292,9.481039047241211,1.5179238319396973,0.013848859816789627,0.0,-0.37604981660842896
269,2.762908697128296,9.390059471130371,1.3742717504501343,0.03302420675754547,-0.08415845781564713,-0.33556854724884033
270,2.676717519760132,9.466673851013184,1.3551181554794312,0.030893610790371895,-0.08628904819488525,-0.33769911527633667
271,2.255337953567505,9.543288230895996,1.6328455209732056,0.009587672539055347,0.019175345078110695,-0.40481284260749817
272,2.5234885215759277,9.260771751403809,1.3407529592514038,0.02343653328716755,-0.04793836176395416,-0.42079228162765503
273,2.9257144927978516,9.433155059814453,1.3551181554794312,-0.0053264847956597805,-0.11931325495243073,-0.35261330008506775
274,2.7485435009002686,9.337387084960938,1.4844050407409668,-0.04474247246980667,-0.2162552773952484,-0.3835068941116333
275,2.6240451335906982,9.433155059814453,1.403002142906189,-0.04474247246980667,-0.2279735505580902,-0.4357064366340637
276,2.1499931812286377,9.720458984375,1.4269442558288574,-0.04474247246980667,-0.21732057631015778,-0.46979594230651855
277,1.9488801956176758,9.859322547912598,1.2497732639312744,-0.06604841351509094,0.03622009605169296,-0.5187996029853821
278,2.0254945755004883,8.78193187713623,1.4844050407409668,-0.05006895586848259,-0.009587672539055347,-0.6285251975059509
279,2.63362193107605,9.725247383117676,1.4221558570861816,0.0010652969358488917,0.08309315890073776,-0.5326484441757202
280,1.7046716213226318,9.792284965515137,1.8387469053268433,0.07563608139753342,0.10013791173696518,-0.5816521048545837
281,1.556231141090393,9.921571731567383,1.4173674583435059,0.13209682703018188,0.32704615592956543,-0.5869786143302917
282,1.5610195398330688,9.883264541625977,1.278503656387329,0.10226850211620331,0.27058541774749756,-0.5592808723449707
283,1.53707754611969,9.701305389404297,1.4844050407409668,0.06711370497941971,0.16299043595790863,-0.504950761795044
284,1.4652514457702637,9.763554573059082,1.5418659448623657,0.01491415686905384,0.09694202244281769,-0.44316351413726807
285,1.41257905960083,9.840168952941895,1.6280571222305298,0.017044750973582268,0.012783562764525414,-0.3696580231189728
286,1.158793568611145,9.825803756713867,1.292868971824646,0.03622009605169296,-0.045807767659425735,-0.2578018605709076
287,1.0965443849563599,9.864110946655273,1.2018892765045166,0.010652969591319561,-0.006391781382262707,-0.18536166846752167
288,1.1875240802764893,10.031704902648926,1.0582371950149536,-0.009587672539055347,0.0031958906911313534,-0.08096256852149963
289,1.0103530883789062,9.691728591918945,1.335964560508728,-0.03302420675754547,0.08948494493961334,-0.034089501947164536
290,1.3263877630233765,9.677363395690918,1.37906014919281,-0.00745707843452692,-0.0031958906911313534,0.019175345078110695
291,1.359906554222107,9.677363395690918,1.4652514457702637,0.017044750973582268,0.022371236234903336,0.015979453921318054
292,1.292868971824646,9.787496566772461,1.4748282432556152,0.0351547971367836,-0.015979453921318054,0.010652969591319561
293,1.192312479019165,9.854534149169922,1.2737152576446533,0.024501830339431763,-0.060721926391124725,0.028763016685843468
294,1.316810965538025,9.715670585632324,1.4221558570861816,0.008522375486791134,-0.07563608139753342,0.04793836176395416
295,1.1779472827911377,9.825803756713867,1.3982137441635132,-0.00745707843452692,-0.010652969591319561,0.01811004802584648
296,1.1540051698684692,9.835380554199219,1.4652514457702637,-0.02343653328716755,-0.006391781382262707,-0.0010652969358488917
297,1.2689268589019775,9.907206535339355,1.5131354331970215,-0.01811004802584648,0.02024064213037491,-0.034089501947164536
298,1.2976573705673218,9.8784761428833,1.5179238319396973,0.013848859816789627,0.0010652969358488917,-0.06285251677036285
299,1.2737152576446533,9.81143856048584,1.4269442558288574,0.025567125529050827,-0.015979453921318054,-0.07883197069168091
300,1.2210428714752197,9.749189376831055,1.359906554222107,0.0,-0.01491415686905384,-0.05539543926715851
301,1.2401964664459229,9.792284965515137,1.2401964664459229,-0.05326484516263008,0.0053264847956597805,-0.028763016685843468
302,1.2497732639312744,9.830592155456543,1.37906014919281,-0.06711370497941971,0.006391781382262707,-0.022371236234903336
303,1.2689268589019775,9.749189376831055,1.5275006294250488,-0.05326484516263008,-0.0021305938716977835,-0.02982831373810768
304,1.316810965538025,9.725247383117676,1.4700398445129395,-0.02982831373810768,-0.015979453921318054,-0.030893610790371895
305,1.3551181554794312,9.667786598205566,1.5179238319396973,-0.0053264847956597805,-0.024501830339431763,-0.02024064213037491
306,1.3215993642807007,9.734824180603027,1.403002142906189,0.0053264847956597805,-0.02343653328716755,-0.00745707843452692
307,1.1109095811843872,9.816226959228516,1.4844050407409668,0.024501830339431763,-0.01491415686905384,0.021305939182639122
308,1.173158884048462,9.792284965515137,1.455674648284912,0.03728539124131203,-0.010652969591319561,0.028763016685843468
309,1.1971008777618408,9.749189376831055,1.3455413579940796,0.013848859816789627,0.008522375486791134,0.02343653328716755
310,1.2545616626739502,9.682151794433594,1.3646949529647827,-0.011718266643583775,-0.022371236234903336,0.024501830339431763
311,1.335964560508728,9.677363395690918,1.522712230682373,-0.02024064213037491,-0.04474247246980667,0.03195890784263611
312,1.2545616626739502,9.739612579345703,1.4987702369689941,0.0031958906911313534,-0.0585913322865963,0.03302420675754547
313,1.2497732639312744,9.787496566772461,1.3072341680526733,0.01491415686905384,-0.006391781382262707,0.028763016685843468
314,1.1013327836990356,9.806650161743164,1.278503656387329,-0.009587672539055347,0.06391781568527222,0.02982831373810768
315,1.1875240802764893,9.744400978088379,1.3742717504501343,-0.024501830339431763,0.06391781568527222,0.03835069015622139
316,1.3120225667953491,9.57201862335205,1.53707754611969,-0.03195890784263611,0.05006895586848259,0.04367717355489731
317,1.3838485479354858,9.677363395690918,1.623268723487854,-0.022371236234903336,0.01811004802584648,0.017044750973582268
318,1.335964560508728,9.682151794433594,1.5322890281677246,-0.017044750973582268,0.0053264847956597805,-0.006391781382262707
319,1.2832920551300049,9.658209800720215,1.4652514457702637,-0.01811004802584648,0.027697719633579254,-0.012783562764525414
320,1.2210428714752197,9.739612579345703,1.4700398445129395,-0.00745707843452692,0.03302420675754547,-0.015979453921318054
321,1.2545616626739502,9.763554573059082,1.3024457693099976,-0.0021305938716977835,0.02663242258131504,-0.006391781382262707
322,1.2689268589019775,9.715670585632324,1.316810965538025,-0.015979453921318054,0.04474247246980667,-0.0031958906911313534
323,1.37906014919281,9.725247383117676,1.5705963373184204,-0.024501830339431763,0.039415985345840454,-0.01811004802584648
324,1.3311761617660522,9.75397777557373,1.599326729774475,-0.008522375486791134,0.01811004802584648,-0.02024064213037491
325,1.1971008777618408,9.806650161743164,1.4987702369689941,0.011718266643583775,0.00745707843452692,0.0010652969358488917
326,1.3407529592514038,9.892841339111328,1.4652514457702637,0.0053264847956597805,0.0031958906911313534,0.0351547971367836
327,1.3742717504501343,9.730035781860352,1.522712230682373,-0.00745707843452692,-0.013848859816789627,0.0468730665743351
328,1.2689268589019775,9.782708168029785,1.5705963373184204,-0.009587672539055347,0.006391781382262707,0.04154657945036888
329,1.2641384601593018,9.797073364257812,1.5897499322891235,-0.0010652969358488917,-0.0010652969358488917,0.049003660678863525
330,1.1827356815338135,9.801861763000488,1.4891934394836426,0.008522375486791134,0.0053264847956597805,0.07244019210338593
331,1.3838485479354858,9.758766174316406,1.3934253454208374,0.021305939182639122,-0.0010652969358488917,0.09268083423376083
332,1.460463047027588,9.59596061706543,1.4891934394836426,0.012783562764525414,0.025567125529050827,0.08735434710979462
333,1.4173674583435059,9.77791976928711,1.5275006294250488,0.0010652969358488917,0.011718266643583775,0.07350549101829529
334,1.3646949529647827,9.816226959228516,1.556231141090393,0.004261187743395567,-0.02024064213037491,0.0585913322865963
335,1.4221558570861816,9.758766174316406,1.53707754611969,0.039415985345840454,-0.04474247246980667,0.045807767659425735
336,1.37906014919281,9.787496566772461,1.460463047027588,0.06817900389432907,-0.06498311460018158,0.051134251058101654
337,1.3120225667953491,9.835380554199219,1.5083470344543457,0.0585913322865963,-0.04474247246980667,0.08309315890073776
338,1.4844050407409668,9.715670585632324,1.5179238319396973,0.034089501947164536,0.013848859816789627,0.09268083423376083
339,1.3694833517074585,9.787496566772461,1.4460978507995605,0.022371236234903336,0.04474247246980667,0.057526033371686935
340,1.2737152576446533,9.859322547912598,1.3886369466781616,0.011718266643583775,-0.012783562764525414,0.01491415686905384
341,1.2641384601593018,9.84495735168457,1.3024457693099976,0.006391781382262707,-0.006391781382262707,0.0021305938716977835
342,1.292868971824646,9.725247383117676,1.3407529592514038,-0.012783562764525414,-0.02663242258131504,0.03728539124131203
343,1.5658079385757446,9.639056205749512,1.4891934394836426,-0.010652969591319561,-0.0585913322865963,0.0703095942735672
344,1.455674648284912,9.744400978088379,1.53707754611969,-0.004261187743395567,-0.06498311460018158,0.08948494493961334
345,1.4221558570861816,9.806650161743164,1.5514427423477173,-0.010652969591319561,-0.08522375673055649,0.12250914424657822
346,1.3455413579940796,9.93593692779541,1.53707754611969,-0.021305939182639122,-0.08948494493961334,0.20347172021865845
347,1.3407529592514038,9.916783332824707,1.5322890281677246,-0.03302420675754547,-0.12783563137054443,0.31532788276672363
348,1.4844050407409668,9.840168952941895,1.5610195398330688,-0.05006895586848259,-0.17683929204940796,0.39629045128822327
349,1.4508862495422363,9.825803756713867,1.5945383310317993,-0.04367717355489731,-0.2226470559835434,0.501754879951477
350,1.5418659448623657,9.75397777557373,1.5083470344543457,-0.021305939182639122,-0.25567126274108887,0.6242640018463135
351,2.03507137298584,9.509769439697266,1.5849615335464478,0.0021305938716977835,-0.25886714458465576,0.7361201643943787
352,2.0638017654418945,9.576807022094727,1.4748282432556152,0.03195890784263611,-0.28017309308052063,0.7957767844200134
353,2.22660756111145,9.437943458557129,1.2832920551300049,0.051134251058101654,-0.3014790415763855,0.8831311464309692
354,2.499546527862549,9.423578262329102,1.522712230682373,0.051134251058101654,-0.3163931965827942,0.9587672352790833
355,2.63362193107605,9.466673851013184,1.5514427423477173,0.08948494493961334,-0.38776808977127075,0.9896608591079712
356,2.8826189041137695,9.32302188873291,1.2880805730819702,0.12144385278224945,-0.3781804144382477,0.9907261729240417
357,2.8347349166870117,9.11233139038086,1.0582371950149536,0.1054643988609314,-0.30041372776031494,0.9917914271354675
358,2.829946517944336,9.169792175292969,1.1348515748977661,0.08628904819488525,-0.26738953590393066,1.0045750141143799
359,3.0550012588500977,9.294290542602539,1.1875240802764893,0.08096256852149963,-0.22584295272827148,1.0290768146514893
360,3.313575267791748,9.38048267364502,1.2689268589019775,0.1139867752790451,-0.06498311460018158,1.0418604612350464
361,3.576937437057495,9.299078941345215,1.1444283723831177,0.10120321065187454,-0.06924430280923843,1.046121597290039
362,3.7445313930511475,9.255983352661133,1.1348515748977661,0.11611736565828323,-0.26845481991767883,1.0503827333450317
363,3.73016619682312,9.294290542602539,1.1013327836990356,0.11079087853431702,-0.17364339530467987,1.0557092428207397
364,3.8115692138671875,9.289502143859863,0.9241618514060974,0.10652969032526016,-0.13422740995883942,1.03866446018219
365,3.8115692138671875,8.7484130859375,0.4118026793003082,0.10226850211620331,0.004261187743395567,1.0162932872772217
366,4.0078935623168945,8.868123054504395,0.4644751250743866,0.08735434710979462,0.164055734872818,1.0322726964950562
367,4.663905143737793,8.628703117370605,1.3646949529647827,-0.0703095942735672,0.01491415686905384,1.152651309967041
368,4.750096321105957,8.810662269592285,1.1971008777618408,-0.054330144077539444,-0.15020686388015747,1.155847191810608
369,5.147533416748047,8.7484130859375,0.9385270476341248,-0.08309315890073776,-0.07563608139753342,1.1153658628463745
370,5.128379821777344,8.480262756347656,0.5363011956214905,-0.0937461331486702,0.05219954997301102,1.054643988609314
371,5.123591423034668,8.370129585266113,0.47405192255973816,-0.08948494493961334,0.2141246795654297,1.0130974054336548
372,5.2911858558654785,8.197746276855469,1.3407529592514038,-0.07883197069168091,0.26845481991767883,1.094059944152832
373,5.640739440917969,8.04930591583252,1.455674648284912,-0.0468730665743351,0.3536785840988159,1.0866029262542725
374,6.244078159332275,8.11634349822998,1.3455413579940796,-0.01811004802584648,0.3334379494190216,1.043990969657898
375,6.402095317840576,7.881711959838867,1.5131354331970215,0.02343653328716755,0.3334379494190216,1.0162932872772217
376,6.277596950531006,7.680599212646484,1.9632453918457031,0.09161553531885147,0.2460835874080658,0.9800731539726257
377,6.382941722869873,7.283161640167236,1.9345149993896484,0.13848860561847687,-0.15659864246845245,1.0471868515014648
378,6.426037311553955,7.2352776527404785,1.1827356815338135,0.19175344705581665,-0.328111469745636,1.0535786151885986
379,6.2632317543029785,7.326257228851318,0.9289502501487732,0.17364339530467987,-0.2109287977218628,1.0759499073028564
380,6.469132900238037,7.201758861541748,0.9193734526634216,0.16618631780147552,-0.019175345078110695,1.0844722986221313
381,6.45476770401001,6.943184852600098,0.9241618514060974,0.15127216279506683,0.0031958906911313534,1.1057782173156738
382,6.794744491577148,6.971915245056152,1.1779472827911377,0.18536166846752167,0.08628904819488525,1.1260188817977905
383,6.962338447570801,6.698976516723633,0.8858546018600464,0.13848860561847687,0.1608598381280899,1.157977819442749
384,7.091625213623047,7.015010833740234,1.192312479019165,0.09481142461299896,0.10972558706998825,1.145194172859192
385,7.216124057769775,6.354211330413818,0.8906430602073669,-0.013848859816789627,-0.08948494493961334,1.186740756034851
386,7.096413612365723,6.751648902893066,0.5315127968788147,-0.15020686388015747,-0.07350549101829529,1.240005612373352
387,7.513004779815674,6.268020153045654,0.9528923034667969,-0.22371235489845276,-0.028763016685843468,1.2602462768554688
388,7.781155586242676,5.70777702331543,1.091755986213684,-0.3249155580997467,-0.2343653291463852,1.2463973760604858
389,8.015787124633789,5.722142219543457,1.3407529592514038,-0.2918913662433624,-0.252475380897522,1.1910020112991333
390,8.389283180236816,5.544970989227295,1.1827356815338135,-0.20347172021865845,-0.08735434710979462,1.1196271181106567
391,8.20732307434082,5.588066577911377,1.1492167711257935,-0.13422740995883942,-0.07989726960659027,1.0674275159835815
392,8.279149055480957,5.377377033233643,1.460463047027588,-0.09055023640394211,-0.17044751346111298,0.9939220547676086
393,8.35097599029541,5.070919036865234,1.1252747774124146,-0.09907261282205582,-0.3217196762561798,0.9715508222579956
394,8.121131896972656,5.166687488555908,1.1492167711257935,-0.08735434710979462,-0.18110047280788422,0.9630284309387207
395,8.087613105773926,5.128379821777344,0.9528923034667969,-0.11505206674337387,-0.10759498924016953,0.9917914271354675
396,8.456320762634277,4.8267107009887695,1.1875240802764893,-0.1406191885471344,-0.14274978637695312,0.9981832504272461
397,8.681375503540039,4.620809078216553,1.1635819673538208,-0.1257050335407257,-0.10439909994602203,0.9768772721290588
398,8.465897560119629,4.4723687171936035,1.1875240802764893,-0.10120321065187454,-0.01491415686905384,0.9864649772644043
399,8.355764389038086,4.185064792633057,0.6033388376235962,-0.11931325495243073,0.0,1.0535786151885986
400,8.513781547546387,4.1180267333984375,0.5410895943641663,-0.15020686388015747,0.013848859816789627,1.1590430736541748
401,8.911218643188477,4.271255970001221,1.3263877630233765,-0.1725780963897705,0.07776667922735214,1.2474627494812012
402,9.059659004211426,3.7158010005950928,0.9720458984375,-0.192818745970726,0.02663242258131504,1.3028581142425537
403,8.59997272491455,3.581725835800171,1.1683704853057861,-0.2162552773952484,0.17044751346111298,1.335882306098938
404,8.56645393371582,3.337517261505127,0.7565677165985107,-0.20879819989204407,0.1523374617099762,1.4061919450759888
405,9.337387084960938,2.8634653091430664,1.4700398445129395,-0.20453700423240662,0.11931325495243073,1.44241201877594
406,9.47146224975586,2.5330653190612793,1.4700398445129395,-0.1289009302854538,0.05646073818206787,1.4072571992874146
407,9.44752025604248,2.5043349266052246,1.6376339197158813,-0.07137489318847656,0.1257050335407257,1.3923430442810059
408,9.68694019317627,2.389413356781006,1.216254472732544,-0.01811004802584648,0.26845481991767883,1.3561229705810547
409,9.667786598205566,2.1164743900299072,1.216254472732544,-0.012783562764525414,0.20240642130374908,1.301792860031128
410,9.59596061706543,1.8148049116134644,1.5179238319396973,0.02663242258131504,0.045807767659425735,1.2527891397476196
411,9.701305389404297,1.7381904125213623,1.867477297782898,0.07563608139753342,0.07989726960659027,1.214438557624817
412,9.739612579345703,1.6376339197158813,1.2545616626739502,0.10972558706998825,0.287630170583725,1.202720284461975
413,9.907206535339355,1.4077905416488647,1.4317326545715332,0.13422740995883942,0.34941738843917847,1.147324800491333
414,10.290278434753418,0.689530074596405,1.53707754611969,0.13316211104393005,-0.0053264847956597805,1.0429257154464722
415,9.81143856048584,0.7230489253997803,1.335964560508728,0.1523374617099762,0.022371236234903336,0.9587672352790833
416,9.466673851013184,0.9864110946655273,1.3311761617660522,0.20879819989204407,0.20666760206222534,0.9395918846130371
417,9.567230224609375,0.8858546018600464,1.4317326545715332,0.2109287977218628,0.30254432559013367,0.9321348071098328
418,9.854534149169922,0.33518823981285095,1.7190368175506592,0.21732057631015778,0.29402196407318115,0.8820658922195435
419,9.921571731567383,0.35434186458587646,1.7477672100067139,0.18962284922599792,0.20560230314731598,0.8266704082489014
420,9.86889934539795,0.35913026332855225,1.6424223184585571,0.20347172021865845,0.24821418523788452,0.7137489318847656
421,10.007762908935547,0.07661445438861847,1.867477297782898,0.1960146427154541,0.26845481991767883,0.5912398099899292
422,9.873687744140625,-0.10055647045373917,1.867477297782898,0.199210524559021,0.12783563137054443,0.4825794994831085
423,9.53849983215332,0.019153613597154617,1.647210717201233,0.20560230314731598,0.1459456831216812,0.44103294610977173
424,9.825803756713867,-0.05746084079146385,1.522712230682373,0.1608598381280899,0.16512101888656616,0.45168590545654297
425,10.20887565612793,-0.5267243981361389,1.647210717201233,0.03302420675754547,0.010652969591319561,0.39629045128822327
426,10.189722061157227,-0.8044517636299133,1.5610195398330688,-0.024501830339431763,-0.2311694324016571,0.2375612109899521
427,9.84495735168457,-0.689530074596405,1.5849615335464478,-0.03195890784263611,-0.1906881481409073,0.164055734872818
428,9.84495735168457,-0.4836287498474121,1.479616641998291,0.017044750973582268,-0.06924430280923843,0.060721926391124725
429,9.830592155456543,-0.4213795065879822,1.680729627609253,0.042611878365278244,0.02343653328716755,0.1054643988609314
430,9.840168952941895,-0.4357447028160095,1.8914192914962769,0.07457078248262405,0.0468730665743351,-0.017044750973582268
431,9.672574996948242,-0.40701428055763245,2.0446481704711914,0.12677033245563507,0.08309315890073776,-0.0351547971367836
432,9.53849983215332,-0.363918662071228,2.4181437492370605,0.28230369091033936,0.164055734872818,-0.027697719633579254
433,10.098742485046387,-0.31124621629714966,1.6376339197158813,0.34089502692222595,0.17151281237602234,-0.04367717355489731
434,11.784260749816895,-0.5793967843055725,1.7142484188079834,0.37072333693504333,0.01491415686905384,-0.28017309308052063
435,11.544840812683105,-0.7326257228851318,1.3120225667953491,0.34728679060935974,0.07563608139753342,-0.6018927693367004
436,10.409989356994629,-0.24899697303771973,1.316810965538025,0.27697721123695374,0.2343653291463852,-0.8511722683906555
437,9.184157371520996,0.2537853717803955,1.3503297567367554,0.1757739931344986,0.19707992672920227,-0.8128215670585632
438,8.595184326171875,0.38307225704193115,1.5658079385757446,0.07244019210338593,0.13848860561847687,-0.6327863931655884
439,8.312667846679688,0.43095630407333374,1.8483237028121948,-0.0703095942735672,0.045807767659425735,-0.3078708052635193
440,8.44195556640625,0.5937620401382446,1.867477297782898,-0.13103152811527252,-0.12250914424657822,0.02024064213037491
441,8.983044624328613,0.5219359993934631,1.900996208190918,-0.1757739931344986,-0.1960146427154541,0.3131972849369049
442,9.591172218322754,0.31603461503982544,1.723825216293335,-0.20347172021865845,-0.2759118974208832,0.41759639978408813
443,10.113107681274414,0.16759411990642548,1.6615760326385498,-0.20879819989204407,-0.18110047280788422,0.3898986876010895
444,10.24239444732666,0.10534487664699554,2.126051187515259,-0.1257050335407257,-0.05006895586848259,0.2812383770942688
445,10.218452453613281,0.023942016065120697,2.03507137298584,0.019175345078110695,0.0053264847956597805,0.20879819989204407
446,10.156203269958496,0.05267243832349777,1.6663644313812256,0.11292147636413574,0.025567125529050827,0.1171826645731926
447,10.055646896362305,0.23942017555236816,1.2114660739898682,0.06817900389432907,0.009587672539055347,0.08309315890073776
448,10.046070098876953,0.2537853717803955,1.1444283723831177,-0.12357444316148758,-0.10226850211620331,0.07563608139753342
449,10.15141487121582,0.22026655077934265,1.5705963373184204,-0.2759118974208832,-0.16618631780147552,0.019175345078110695
450,10.108319282531738,0.14844051003456116,1.886630892753601,-0.274846613407135,-0.18536166846752167,-0.057526033371686935
451,9.543288230895996,-0.038307227194309235,2.1164743900299072,-0.15446805953979492,-0.15340276062488556,-0.13529270887374878
452,8.9064302444458,0.05267243832349777,2.188300371170044,-0.034089501947164536,-0.0937461331486702,-0.10652969032526016
453,8.710105895996094,0.11013327538967133,2.0159177780151367,0.10226850211620331,-0.03835069015622139,0.030893610790371895
454,9.41400146484375,0.12928688526153564,1.4987702369689941,0.16512101888656616,-0.0468730665743351,0.14274978637695312
455,9.730035781860352,0.05746084079146385,1.1875240802764893,0.17364339530467987,-0.010652969591319561,0.11292147636413574
456,9.93593692779541,0.05267243832349777,0.9768342971801758,0.1139867752790451,0.049003660678863525,-0.01491415686905384
457,9.797073364257812,0.004788403399288654,1.1635819673538208,0.06391781568527222,0.05219954997301102,-0.09481142461299896
458,9.35654067993164,-0.009576806798577309,1.3407529592514038,0.008522375486791134,0.02024064213037491,-0.10013791173696518
459,9.404424667358398,0.090979665517807,1.3311761617660522,-0.021305939182639122,-0.028763016685843468,-0.008522375486791134
460,9.500192642211914,0.05267243832349777,1.3551181554794312,-0.03622009605169296,-0.010652969591319561,0.045807767659425735
461,9.90241813659668,0.12449848651885986,1.50355863571167,-0.0585913322865963,0.01811004802584648,0.024501830339431763
462,9.983820915222168,0.047884032130241394,1.7621324062347412,-0.0585913322865963,0.05326484516263008,-0.022371236234903336
463,9.892841339111328,-0.07661445438861847,1.8579005002975464,-0.051134251058101654,0.05006895586848259,-0.05539543926715851
464,9.821015357971191,-0.090979665517807,1.7908629179000854,-0.03835069015622139,0.021305939182639122,-0.06711370497941971
465,9.706093788146973,-0.1149216815829277,1.800439715385437,-0.03622009605169296,0.02663242258131504,-0.09268083423376083
466,9.66299819946289,0.1149216815829277,1.886630892753601,-0.0468730665743351,0.05219954997301102,-0.11079087853431702
467,9.490615844726562,0.17717093229293823,1.843535304069519,-0.034089501947164536,0.01811004802584648,-0.09481142461299896
468,9.351752281188965,0.1149216815829277,1.7764976024627686,0.0010652969358488917,0.006391781382262707,-0.042611878365278244
469,9.437943458557129,0.1149216815829277,1.6615760326385498,0.034089501947164536,0.03195890784263611,0.004261187743395567
470,9.667786598205566,0.090979665517807,1.6041151285171509,0.05326484516263008,0.05006895586848259,0.03195890784263611
471,9.667786598205566,-0.047884032130241394,1.2689268589019775,0.03835069015622139,0.034089501947164536,0.05006895586848259
472,9.792284965515137,-0.1867477297782898,1.3263877630233765,-0.0053264847956597805,0.049003660678863525,0.06817900389432907
473,9.84495735168457,-0.11013327538967133,1.2880805730819702,-0.042611878365278244,0.02663242258131504,0.06711370497941971
474,9.926360130310059,-0.028730420395731926,1.3934253454208374,-0.05646073818206787,0.0351547971367836,0.04474247246980667
475,10.046070098876953,0.090979665517807,1.436521053314209,-0.03195890784263611,0.07670138031244278,-0.02343653328716755
476,9.897629737854004,0.13407529890537262,1.3742717504501343,-0.012783562764525414,0.11824796348810196,-0.10013791173696518
477,9.600749015808105,0.15322890877723694,1.4700398445129395,-0.04793836176395416,0.13848860561847687,-0.11079087853431702
478,9.519346237182617,0.45010992884635925,1.6280571222305298,-0.09268083423376083,0.11185617744922638,-0.07457078248262405
479,9.667786598205566,0.5123591423034668,1.8100165128707886,-0.14274978637695312,0.05326484516263008,0.011718266643583775
480,9.816226959228516,0.6177040338516235,1.9536685943603516,-0.1608598381280899,-0.057526033371686935,0.03195890784263611
481,9.835380554199219,0.4596867263317108,2.1547815799713135,-0.1523374617099762,-0.057526033371686935,0.02024064213037491
482,9.75397777557373,0.15801730751991272,2.4372973442077637,-0.060721926391124725,-0.0031958906911313534,0.010652969591319561
483,9.696516990661621,0.11013327538967133,2.2170307636260986,0.028763016685843468,-0.028763016685843468,0.039415985345840454
484,9.701305389404297,0.11013327538967133,2.1164743900299072,0.05219954997301102,-0.0351547971367836,0.060721926391124725
485,9.821015357971191,0.009576806798577309,1.8770540952682495,0.09587672352790833,-0.06178722158074379,0.07244019210338593
486,9.955090522766113,-0.11971008777618408,1.6089035272598267,0.11824796348810196,-0.03835069015622139,0.0468730665743351
487,9.8784761428833,-0.2059013396501541,1.2737152576446533,0.09907261282205582,-0.07244019210338593,-0.00745707843452692
488,9.734824180603027,-0.13407529890537262,1.2449848651885986,0.05646073818206787,-0.07350549101829529,-0.04367717355489731
489,9.615114212036133,-0.019153613597154617,1.1300631761550903,-0.009587672539055347,-0.03728539124131203,-0.07137489318847656
490,9.524134635925293,-0.090979665517807,1.3120225667953491,-0.051134251058101654,-0.03622009605169296,-0.10013791173696518
491,9.457097053527832,-0.038307227194309235,1.2880805730819702,-0.06391781568527222,-0.0468730665743351,-0.10866028815507889
492,9.41400146484375,0.19153612852096558,1.4844050407409668,-0.10120321065187454,-0.025567125529050827,-0.11824796348810196
493,9.346963882446289,0.21547815203666687,1.5418659448623657,-0.13103152811527252,-0.017044750973582268,-0.1257050335407257
494,9.294290542602539,0.19632454216480255,1.7094600200653076,-0.13955390453338623,-0.009587672539055347,-0.12144385278224945
495,9.294290542602539,0.15322890877723694,2.0015525817871094,-0.1171826645731926,0.01811004802584648,-0.09587672352790833
496,9.576807022094727,0.2537853717803955,1.9297266006469727,-0.03622009605169296,0.04474247246980667,-0.08948494493961334
497,9.57201862335205,0.26336219906806946,1.7525556087493896,0.019175345078110695,0.05006895586848259,-0.10972558706998825
498,9.466673851013184,0.37828385829925537,1.7573440074920654,0.022371236234903336,0.05326484516263008,-0.09907261282205582
499,9.490615844726562,0.363918662071228,1.766920804977417,0.00745707843452692,0.02663242258131504,-0.03728539124131203
500,9.758766174316406,0.31124621629714966,1.7334020137786865,0.0053264847956597805,0.042611878365278244,0.0010652969358488917
501,10.098742485046387,0.33997663855552673,1.7812861204147339,0.012783562764525414,0.02982831373810768,-0.013848859816789627
502,10.11789608001709,0.33997663855552673,1.7381904125213623,0.012783562764525414,0.004261187743395567,-0.07563608139753342
